ds,industrial,residential,total,data_type
2024-01-01,302.784,218.531,521.315,Actual
2024-01-02,341.879,246.747,588.626,Actual
2024-01-03,354.601,255.928,610.529,Actual
2024-01-04,357.191,257.797,614.988,Actual
2024-01-05,355.554,256.617,612.171,Actual
2024-01-06,329.769,238.007,567.7760000000001,Actual
2024-01-07,312.634,225.64,538.274,Actual
2024-01-08,347.255,250.627,597.8820000000001,Actual
2024-01-09,358.707,258.891,617.598,Actual
2024-01-10,355.406,256.51,611.9159999999999,Actual
2024-01-11,356.825,257.533,614.358,Actual
2024-01-12,356.795,257.512,614.307,Actual
2024-01-13,326.178,235.414,561.592,Actual
2024-01-14,317.081,228.849,545.9300000000001,Actual
2024-01-15,348.059,251.206,599.265,Actual
2024-01-16,355.143,256.319,611.462,Actual
2024-01-17,360.782,260.389,621.171,Actual
2024-01-18,363.077,262.045,625.1220000000001,Actual
2024-01-19,359.954,259.792,619.746,Actual
2024-01-20,334.899,241.709,576.608,Actual
2024-01-21,313.826,226.5,540.326,Actual
2024-01-22,350.068,252.657,602.725,Actual
2024-01-23,366.393,264.439,630.832,Actual
2024-01-24,368.585,266.022,634.607,Actual
2024-01-25,372.415,268.785,641.2,Actual
2024-01-26,363.306,262.211,625.517,Actual
2024-01-27,340.915,246.05,586.965,Actual
2024-01-28,324.008,233.848,557.856,Actual
2024-01-29,352.382,254.326,606.708,Actual
2024-01-30,359.851,259.717,619.568,Actual
2024-01-31,362.233,261.436,623.669,Actual
2024-02-01,354.82,268.937,623.7570000000001,Actual
2024-02-02,353.157,267.677,620.8340000000001,Actual
2024-02-03,331.531,251.286,582.817,Actual
2024-02-04,318.374,241.313,559.687,Actual
2024-02-05,342.415,259.535,601.95,Actual
2024-02-06,341.623,258.935,600.558,Actual
2024-02-07,325.371,246.616,571.987,Actual
2024-02-08,297.774,225.699,523.473,Actual
2024-02-09,280.618,212.696,493.31399999999996,Actual
2024-02-10,270.012,204.657,474.669,Actual
2024-02-11,265.887,201.531,467.418,Actual
2024-02-12,271.149,205.519,476.668,Actual
2024-02-13,279.302,211.698,491.0,Actual
2024-02-14,289.874,219.711,509.58500000000004,Actual
2024-02-15,326.951,247.814,574.765,Actual
2024-02-16,336.417,254.989,591.406,Actual
2024-02-17,334.995,253.911,588.906,Actual
2024-02-18,313.459,237.587,551.046,Actual
2024-02-19,350.647,265.775,616.422,Actual
2024-02-20,365.531,277.056,642.587,Actual
2024-02-21,366.412,277.724,644.136,Actual
2024-02-22,363.053,275.177,638.23,Actual
2024-02-23,352.218,266.965,619.183,Actual
2024-02-24,325.438,246.668,572.106,Actual
2024-02-25,310.848,235.608,546.456,Actual
2024-02-26,344.687,261.257,605.944,Actual
2024-02-27,353.506,267.941,621.4469999999999,Actual
2024-02-28,334.988,253.905,588.893,Actual
2024-02-29,352.097,266.873,618.97,Actual
2024-03-01,354.291,242.905,597.196,Actual
2024-03-02,334.28,229.186,563.466,Actual
2024-03-03,318.498,218.366,536.864,Actual
2024-03-04,351.721,241.143,592.864,Actual
2024-03-05,366.986,251.609,618.595,Actual
2024-03-06,365.962,250.907,616.869,Actual
2024-03-07,358.458,245.762,604.22,Actual
2024-03-08,352.366,241.586,593.952,Actual
2024-03-09,331.483,227.267,558.75,Actual
2024-03-10,318.509,218.372,536.8810000000001,Actual
2024-03-11,354.28,242.897,597.1769999999999,Actual
2024-03-12,355.407,243.67,599.077,Actual
2024-03-13,356.579,244.474,601.053,Actual
2024-03-14,360.124,246.904,607.028,Actual
2024-03-15,360.764,247.344,608.108,Actual
2024-03-16,335.202,229.818,565.02,Actual
2024-03-17,322.825,221.332,544.1569999999999,Actual
2024-03-18,354.306,242.916,597.222,Actual
2024-03-19,357.398,245.036,602.434,Actual
2024-03-20,353.789,242.561,596.35,Actual
2024-03-21,357.125,244.849,601.9739999999999,Actual
2024-03-22,360.454,247.131,607.585,Actual
2024-03-23,342.806,235.031,577.837,Actual
2024-03-24,335.181,229.803,564.9839999999999,Actual
2024-03-25,379.574,260.24,639.8140000000001,Actual
2024-03-26,378.743,259.669,638.412,Actual
2024-03-27,368.11,252.379,620.489,Actual
2024-03-28,378.231,259.319,637.55,Actual
2024-03-29,378.259,259.338,637.597,Actual
2024-03-30,352.627,241.765,594.392,Actual
2024-03-31,339.389,232.688,572.077,Actual
2024-04-01,359.43,250.654,610.0840000000001,Actual
2024-04-02,378.691,264.085,642.776,Actual
2024-04-03,374.696,261.3,635.9960000000001,Actual
2024-04-04,340.043,237.134,577.177,Actual
2024-04-05,320.131,223.248,543.3789999999999,Actual
2024-04-06,323.253,225.425,548.678,Actual
2024-04-07,320.976,223.837,544.813,Actual
2024-04-08,361.858,252.347,614.205,Actual
2024-04-09,357.331,249.189,606.52,Actual
2024-04-10,360.075,251.104,611.179,Actual
2024-04-11,369.106,257.401,626.5070000000001,Actual
2024-04-12,375.466,261.837,637.303,Actual
2024-04-13,352.913,246.108,599.021,Actual
2024-04-14,341.008,237.807,578.8149999999999,Actual
2024-04-15,383.601,267.51,651.111,Actual
2024-04-16,394.329,274.991,669.3199999999999,Actual
2024-04-17,393.734,274.576,668.31,Actual
2024-04-18,386.273,269.373,655.646,Actual
2024-04-19,383.779,267.633,651.412,Actual
2024-04-20,361.567,252.144,613.711,Actual
2024-04-21,345.047,240.623,585.6700000000001,Actual
2024-04-22,386.162,269.296,655.458,Actual
2024-04-23,387.665,270.343,658.008,Actual
2024-04-24,376.213,262.357,638.57,Actual
2024-04-25,370.637,258.468,629.105,Actual
2024-04-26,365.074,254.589,619.663,Actual
2024-04-27,341.614,238.23,579.8439999999999,Actual
2024-04-28,327.389,228.31,555.6990000000001,Actual
2024-04-29,375.48,261.846,637.326,Actual
2024-04-30,386.9,269.81,656.71,Actual
2024-05-01,354.687,262.771,617.4580000000001,Actual
2024-05-02,368.489,272.996,641.4849999999999,Actual
2024-05-03,373.151,276.449,649.6,Actual
2024-05-04,359.283,266.175,625.4580000000001,Actual
2024-05-05,348.902,258.485,607.387,Actual
2024-05-06,392.498,290.782,683.28,Actual
2024-05-07,397.703,294.639,692.342,Actual
2024-05-08,393.371,291.429,684.8,Actual
2024-05-09,379.403,281.082,660.485,Actual
2024-05-10,381.722,282.799,664.521,Actual
2024-05-11,360.391,266.997,627.388,Actual
2024-05-12,350.282,259.507,609.789,Actual
2024-05-13,365.834,271.029,636.863,Actual
2024-05-14,364.638,270.143,634.781,Actual
2024-05-15,371.406,275.157,646.563,Actual
2024-05-16,370.536,274.512,645.048,Actual
2024-05-17,376.183,278.695,654.8779999999999,Actual
2024-05-18,354.273,262.464,616.7370000000001,Actual
2024-05-19,344.072,254.907,598.979,Actual
2024-05-20,382.774,283.578,666.352,Actual
2024-05-21,395.424,292.95,688.374,Actual
2024-05-22,395.751,293.193,688.944,Actual
2024-05-23,395.52,293.021,688.5409999999999,Actual
2024-05-24,393.327,291.397,684.7239999999999,Actual
2024-05-25,371.115,274.941,646.056,Actual
2024-05-26,354.805,262.857,617.662,Actual
2024-05-27,393.662,291.645,685.307,Actual
2024-05-28,384.927,285.173,670.1,Actual
2024-05-29,381.572,282.689,664.261,Actual
2024-05-30,401.379,297.363,698.742,Actual
2024-05-31,412.515,305.612,718.127,Actual
2024-06-01,354.585,272.853,627.438,Actual
2024-06-02,323.093,248.62,571.713,Actual
2024-06-03,334.375,257.302,591.677,Actual
2024-06-04,345.499,265.862,611.3610000000001,Actual
2024-06-05,348.66,268.295,616.955,Actual
2024-06-06,352.691,271.397,624.088,Actual
2024-06-07,356.604,274.408,631.012,Actual
2024-06-08,340.079,261.692,601.771,Actual
2024-06-09,328.953,253.129,582.082,Actual
2024-06-10,333.804,256.863,590.6669999999999,Actual
2024-06-11,375.259,288.763,664.0219999999999,Actual
2024-06-12,388.721,299.121,687.842,Actual
2024-06-13,390.078,300.166,690.2439999999999,Actual
2024-06-14,388.992,299.33,688.322,Actual
2024-06-15,371.824,286.119,657.943,Actual
2024-06-16,356.748,274.518,631.266,Actual
2024-06-17,391.349,301.143,692.492,Actual
2024-06-18,397.32,305.739,703.059,Actual
2024-06-19,401.45,308.916,710.366,Actual
2024-06-20,408.344,314.222,722.566,Actual
2024-06-21,410.989,316.256,727.2449999999999,Actual
2024-06-22,392.867,302.311,695.178,Actual
2024-06-23,373.212,287.188,660.4,Actual
2024-06-24,405.132,311.75,716.8820000000001,Actual
2024-06-25,407.93,313.902,721.832,Actual
2024-06-26,409.103,314.806,723.909,Actual
2024-06-27,413.049,317.841,730.89,Actual
2024-06-28,410.77,316.088,726.858,Actual
2024-06-29,377.728,290.662,668.39,Actual
2024-06-30,363.494,279.709,643.203,Actual
2024-07-01,396.155,330.644,726.799,Actual
2024-07-02,403.343,336.643,739.986,Actual
2024-07-03,403.278,336.59,739.8679999999999,Actual
2024-07-04,408.666,341.087,749.7529999999999,Actual
2024-07-05,407.13,339.804,746.934,Actual
2024-07-06,377.589,315.148,692.7370000000001,Actual
2024-07-07,352.391,294.118,646.509,Actual
2024-07-08,377.013,314.668,691.681,Actual
2024-07-09,385.412,321.677,707.0889999999999,Actual
2024-07-10,392.663,327.73,720.393,Actual
2024-07-11,395.724,330.284,726.008,Actual
2024-07-12,400.889,334.595,735.484,Actual
2024-07-13,376.52,314.256,690.776,Actual
2024-07-14,359.261,299.852,659.113,Actual
2024-07-15,399.783,333.673,733.456,Actual
2024-07-16,404.876,337.923,742.799,Actual
2024-07-17,405.153,338.155,743.308,Actual
2024-07-18,407.635,340.226,747.861,Actual
2024-07-19,411.62,343.552,755.172,Actual
2024-07-20,386.642,322.705,709.347,Actual
2024-07-21,366.137,305.59,671.727,Actual
2024-07-22,404.541,337.643,742.184,Actual
2024-07-23,408.657,341.078,749.7349999999999,Actual
2024-07-24,339.892,283.685,623.577,Actual
2024-07-25,310.437,259.101,569.538,Actual
2024-07-26,344.218,287.296,631.514,Actual
2024-07-27,342.352,285.738,628.0899999999999,Actual
2024-07-28,339.667,283.498,623.165,Actual
2024-07-29,374.793,312.815,687.608,Actual
2024-07-30,383.306,319.919,703.2249999999999,Actual
2024-07-31,386.285,322.406,708.691,Actual
2024-08-01,402.045,366.059,768.104,Actual
2024-08-02,407.096,370.659,777.755,Actual
2024-08-03,385.151,350.677,735.828,Actual
2024-08-04,372.897,339.521,712.418,Actual
2024-08-05,405.945,369.61,775.5550000000001,Actual
2024-08-06,401.138,365.233,766.371,Actual
2024-08-07,403.054,366.979,770.0329999999999,Actual
2024-08-08,401.743,365.785,767.528,Actual
2024-08-09,395.217,359.843,755.06,Actual
2024-08-10,362.803,330.33,693.133,Actual
2024-08-11,349.976,318.65,668.626,Actual
2024-08-12,392.315,357.201,749.5160000000001,Actual
2024-08-13,402.927,366.863,769.79,Actual
2024-08-14,395.017,359.661,754.678,Actual
2024-08-15,384.591,350.168,734.759,Actual
2024-08-16,384.547,350.128,734.675,Actual
2024-08-17,355.433,323.619,679.052,Actual
2024-08-18,341.309,310.759,652.068,Actual
2024-08-19,373.729,340.278,714.0070000000001,Actual
2024-08-20,379.777,345.784,725.5609999999999,Actual
2024-08-21,386.097,351.539,737.636,Actual
2024-08-22,393.685,358.448,752.133,Actual
2024-08-23,394.741,359.41,754.1510000000001,Actual
2024-08-24,365.532,332.815,698.347,Actual
2024-08-25,348.439,317.252,665.691,Actual
2024-08-26,389.017,354.198,743.2149999999999,Actual
2024-08-27,402.414,366.396,768.81,Actual
2024-08-28,406.686,370.286,776.972,Actual
2024-08-29,406.121,369.771,775.892,Actual
2024-08-30,402.919,366.856,769.775,Actual
2024-08-31,378.275,344.417,722.692,Actual
2024-09-01,364.078,357.818,721.896,Actual
2024-09-02,402.944,396.017,798.961,Actual
2024-09-03,409.411,402.372,811.783,Actual
2024-09-04,414.451,407.326,821.777,Actual
2024-09-05,412.043,404.96,817.0029999999999,Actual
2024-09-06,407.999,400.985,808.984,Actual
2024-09-07,370.106,363.743,733.8489999999999,Actual
2024-09-08,348.408,342.419,690.827,Actual
2024-09-09,384.091,377.487,761.578,Actual
2024-09-10,394.503,387.721,782.2239999999999,Actual
2024-09-11,399.248,392.385,791.633,Actual
2024-09-12,402.277,395.36,797.637,Actual
2024-09-13,398.176,391.331,789.5070000000001,Actual
2024-09-14,352.849,346.782,699.631,Actual
2024-09-15,341.158,335.292,676.45,Actual
2024-09-16,376.171,369.704,745.875,Actual
2024-09-17,363.204,356.96,720.164,Actual
2024-09-18,392.783,386.031,778.8140000000001,Actual
2024-09-19,400.537,393.65,794.1869999999999,Actual
2024-09-20,396.754,389.933,786.687,Actual
2024-09-21,360.38,354.184,714.5640000000001,Actual
2024-09-22,331.21,325.516,656.726,Actual
2024-09-23,367.529,361.211,728.74,Actual
2024-09-24,380.073,373.539,753.612,Actual
2024-09-25,383.277,376.688,759.9649999999999,Actual
2024-09-26,384.554,377.943,762.497,Actual
2024-09-27,379.225,372.705,751.9300000000001,Actual
2024-09-28,348.218,342.231,690.4490000000001,Actual
2024-09-29,336.9,331.107,668.0070000000001,Actual
2024-09-30,370.363,363.996,734.3589999999999,Actual
2024-10-01,386.352,337.595,723.947,Actual
2024-10-02,328.969,287.454,616.423,Actual
2024-10-03,302.845,264.627,567.472,Actual
2024-10-04,349.017,304.972,653.989,Actual
2024-10-05,349.622,305.501,655.123,Actual
2024-10-06,343.243,299.927,643.1700000000001,Actual
2024-10-07,381.06,332.971,714.031,Actual
2024-10-08,378.283,330.545,708.828,Actual
2024-10-09,369.788,323.122,692.9100000000001,Actual
2024-10-10,338.526,295.805,634.331,Actual
2024-10-11,347.493,303.64,651.133,Actual
2024-10-12,337.942,295.295,633.2370000000001,Actual
2024-10-13,333.984,291.836,625.8199999999999,Actual
2024-10-14,377.115,329.525,706.64,Actual
2024-10-15,389.563,340.402,729.9649999999999,Actual
2024-10-16,391.314,341.931,733.245,Actual
2024-10-17,395.17,345.301,740.471,Actual
2024-10-18,395.955,345.986,741.941,Actual
2024-10-19,368.062,321.614,689.6759999999999,Actual
2024-10-20,339.814,296.931,636.745,Actual
2024-10-21,379.081,331.243,710.3240000000001,Actual
2024-10-22,384.792,336.233,721.025,Actual
2024-10-23,368.652,322.13,690.7819999999999,Actual
2024-10-24,362.97,317.165,680.135,Actual
2024-10-25,376.45,328.944,705.394,Actual
2024-10-26,360.653,315.14,675.793,Actual
2024-10-27,345.712,302.084,647.796,Actual
2024-10-28,365.669,319.522,685.191,Actual
2024-10-29,365.235,319.144,684.379,Actual
2024-10-30,365.281,319.184,684.465,Actual
2024-10-31,321.423,280.86,602.283,Actual
2024-11-01,377.653,315.765,693.418,Actual
2024-11-02,358.812,300.013,658.825,Actual
2024-11-03,342.855,286.67,629.5250000000001,Actual
2024-11-04,379.878,317.627,697.505,Actual
2024-11-05,382.416,319.748,702.164,Actual
2024-11-06,371.218,310.385,681.6030000000001,Actual
2024-11-07,370.842,310.071,680.913,Actual
2024-11-08,373.018,311.891,684.909,Actual
2024-11-09,356.782,298.315,655.097,Actual
2024-11-10,340.588,284.775,625.363,Actual
2024-11-11,377.081,315.288,692.369,Actual
2024-11-12,388.511,324.845,713.356,Actual
2024-11-13,393.769,329.241,723.01,Actual
2024-11-14,397.982,332.763,730.745,Actual
2024-11-15,397.751,332.571,730.322,Actual
2024-11-16,365.803,305.857,671.6600000000001,Actual
2024-11-17,345.558,288.93,634.488,Actual
2024-11-18,367.454,307.239,674.693,Actual
2024-11-19,371.138,310.319,681.457,Actual
2024-11-20,371.937,310.986,682.923,Actual
2024-11-21,370.753,309.996,680.749,Actual
2024-11-22,366.065,306.077,672.142,Actual
2024-11-23,338.427,282.968,621.395,Actual
2024-11-24,324.524,271.344,595.8679999999999,Actual
2024-11-25,362.612,303.19,665.802,Actual
2024-11-26,366.194,306.185,672.379,Actual
2024-11-27,356.927,298.437,655.364,Actual
2024-11-28,354.879,296.724,651.6030000000001,Actual
2024-11-29,352.658,294.866,647.524,Actual
2024-11-30,331.464,277.146,608.61,Actual
2024-12-01,315.265,211.844,527.1089999999999,Actual
2024-12-02,351.416,236.137,587.553,Actual
2024-12-03,363.303,244.124,607.427,Actual
2024-12-04,362.127,243.333,605.46,Actual
2024-12-05,361.835,243.137,604.972,Actual
2024-12-06,361.252,242.746,603.998,Actual
2024-12-07,336.753,226.283,563.036,Actual
2024-12-08,317.07,213.057,530.127,Actual
2024-12-09,347.895,233.77,581.665,Actual
2024-12-10,359.697,241.701,601.398,Actual
2024-12-11,363.099,243.987,607.086,Actual
2024-12-12,359.747,241.735,601.482,Actual
2024-12-13,358.915,241.175,600.09,Actual
2024-12-14,334.148,224.533,558.681,Actual
2024-12-15,319.123,214.436,533.559,Actual
2024-12-16,350.015,235.194,585.209,Actual
2024-12-17,359.471,241.548,601.019,Actual
2024-12-18,362.978,243.905,606.883,Actual
2024-12-19,365.349,245.499,610.848,Actual
2024-12-20,360.546,242.271,602.817,Actual
2024-12-21,340.968,229.116,570.0840000000001,Actual
2024-12-22,325.495,218.718,544.213,Actual
2024-12-23,355.404,238.816,594.22,Actual
2024-12-24,363.422,244.204,607.626,Actual
2024-12-25,363.341,244.15,607.491,Actual
2024-12-26,358.805,241.101,599.906,Actual
2024-12-27,355.987,239.207,595.194,Actual
2024-12-28,335.524,225.458,560.982,Actual
2024-12-29,320.737,215.522,536.259,Actual
2024-12-30,345.852,232.398,578.25,Actual
2024-12-31,345.315,232.037,577.352,Actual
2025-01-01,327.26,227.276,554.5360000000001,Actual
2025-01-02,350.158,243.179,593.337,Actual
2025-01-03,352.462,244.779,597.241,Actual
2025-01-04,330.88,229.791,560.671,Actual
2025-01-05,317.831,220.728,538.559,Actual
2025-01-06,343.578,238.61,582.188,Actual
2025-01-07,353.441,245.459,598.9,Actual
2025-01-08,356.575,247.636,604.211,Actual
2025-01-09,358.573,249.023,607.596,Actual
2025-01-10,357.366,248.184,605.55,Actual
2025-01-11,339.701,235.916,575.617,Actual
2025-01-12,322.051,223.659,545.71,Actual
2025-01-13,351.387,244.032,595.419,Actual
2025-01-14,359.621,249.751,609.372,Actual
2025-01-15,361.829,251.284,613.113,Actual
2025-01-16,362.634,251.844,614.4780000000001,Actual
2025-01-17,357.966,248.601,606.567,Actual
2025-01-18,340.5,236.472,576.972,Actual
2025-01-19,325.385,225.975,551.36,Actual
2025-01-20,347.882,241.599,589.481,Actual
2025-01-21,349.117,242.456,591.573,Actual
2025-01-22,350.306,243.282,593.588,Actual
2025-01-23,345.656,240.052,585.708,Actual
2025-01-24,329.628,228.922,558.55,Actual
2025-01-25,310.636,215.731,526.367,Actual
2025-01-26,302.206,209.877,512.0830000000001,Actual
2025-01-27,296.589,205.977,502.56600000000003,Actual
2025-01-28,284.032,197.255,481.287,Actual
2025-01-29,276.138,191.774,467.912,Actual
2025-01-30,274.605,190.708,465.313,Actual
2025-01-31,280.684,194.931,475.615,Actual
2025-02-01,292.212,211.69,503.902,Actual
2025-02-02,297.863,215.783,513.646,Actual
2025-02-03,336.954,244.102,581.056,Actual
2025-02-04,351.435,254.593,606.028,Actual
2025-02-05,355.738,257.711,613.4490000000001,Actual
2025-02-06,357.476,258.969,616.4449999999999,Actual
2025-02-07,359.503,260.437,619.94,Actual
2025-02-08,356.605,258.339,614.944,Actual
2025-02-09,333.591,241.666,575.2570000000001,Actual
2025-02-10,354.128,256.544,610.672,Actual
2025-02-11,358.864,259.974,618.838,Actual
2025-02-12,361.801,262.103,623.904,Actual
2025-02-13,363.296,263.185,626.481,Actual
2025-02-14,360.314,261.025,621.3389999999999,Actual
2025-02-15,335.964,243.385,579.3489999999999,Actual
2025-02-16,319.071,231.148,550.219,Actual
2025-02-17,345.836,250.537,596.373,Actual
2025-02-18,355.31,257.401,612.711,Actual
2025-02-19,359.298,260.29,619.588,Actual
2025-02-20,360.927,261.47,622.397,Actual
2025-02-21,357.167,258.745,615.912,Actual
2025-02-22,335.292,242.898,578.1899999999999,Actual
2025-02-23,324.852,235.336,560.188,Actual
2025-02-24,353.781,256.292,610.073,Actual
2025-02-25,358.266,259.542,617.808,Actual
2025-02-26,357.278,258.826,616.104,Actual
2025-02-27,355.124,257.265,612.389,Actual
2025-02-28,333.256,241.423,574.679,Actual
2025-03-01,329.995,221.564,551.559,Actual
2025-03-02,328.861,220.802,549.663,Actual
2025-03-03,371.129,249.182,620.311,Actual
2025-03-04,381.322,256.026,637.348,Actual
2025-03-05,373.248,250.605,623.853,Actual
2025-03-06,369.803,248.291,618.094,Actual
2025-03-07,368.133,247.17,615.303,Actual
2025-03-08,346.746,232.811,579.557,Actual
2025-03-09,330.376,221.82,552.1959999999999,Actual
2025-03-10,361.663,242.826,604.489,Actual
2025-03-11,372.067,249.812,621.879,Actual
2025-03-12,378.549,254.163,632.712,Actual
2025-03-13,383.621,257.569,641.19,Actual
2025-03-14,378.61,254.205,632.815,Actual
2025-03-15,355.313,238.563,593.876,Actual
2025-03-16,328.109,220.298,548.4069999999999,Actual
2025-03-17,360.794,242.243,603.037,Actual
2025-03-18,371.429,249.384,620.813,Actual
2025-03-19,370.253,248.594,618.847,Actual
2025-03-20,367.251,246.578,613.829,Actual
2025-03-21,362.661,243.497,606.158,Actual
2025-03-22,340.024,228.298,568.322,Actual
2025-03-23,326.772,219.4,546.172,Actual
2025-03-24,360.356,241.948,602.304,Actual
2025-03-25,373.471,250.755,624.226,Actual
2025-03-26,381.079,255.863,636.942,Actual
2025-03-27,391.466,262.836,654.302,Actual
2025-03-28,376.463,252.763,629.226,Actual
2025-03-29,341.864,229.532,571.396,Actual
2025-03-30,326.717,219.363,546.0799999999999,Actual
2025-03-31,359.11,241.112,600.222,Actual
2025-04-01,364.506,240.715,605.221,Actual
2025-04-02,359.786,237.598,597.384,Actual
2025-04-03,331.298,218.785,550.083,Actual
2025-04-04,321.925,212.594,534.519,Actual
2025-04-05,322.308,212.848,535.156,Actual
2025-04-06,319.531,211.014,530.5450000000001,Actual
2025-04-07,361.146,238.496,599.642,Actual
2025-04-08,376.643,248.729,625.372,Actual
2025-04-09,381.322,251.82,633.142,Actual
2025-04-10,385.363,254.489,639.852,Actual
2025-04-11,387.73,256.051,643.781,Actual
2025-04-12,364.335,240.602,604.937,Actual
2025-04-13,325.039,214.651,539.69,Actual
2025-04-14,361.178,238.517,599.6949999999999,Actual
2025-04-15,372.25,245.829,618.079,Actual
2025-04-16,378.319,249.836,628.155,Actual
2025-04-17,387.602,255.967,643.569,Actual
2025-04-18,394.8,260.72,655.52,Actual
2025-04-19,373.191,246.45,619.641,Actual
2025-04-20,356.665,235.537,592.202,Actual
2025-04-21,400.834,264.705,665.539,Actual
2025-04-22,412.031,272.1,684.1310000000001,Actual
2025-04-23,407.795,269.302,677.097,Actual
2025-04-24,404.716,267.268,671.9839999999999,Actual
2025-04-25,392.08,258.924,651.0039999999999,Actual
2025-04-26,357.051,235.791,592.842,Actual
2025-04-27,345.727,228.314,574.0409999999999,Actual
2025-04-28,380.244,251.108,631.3520000000001,Actual
2025-04-29,382.152,252.368,634.52,Actual
2025-04-30,389.479,257.206,646.685,Actual
2025-05-01,353.519,242.165,595.684,Actual
2025-05-02,366.101,250.783,616.884,Actual
2025-05-03,356.102,243.934,600.036,Actual
2025-05-04,348.634,238.818,587.452,Actual
2025-05-05,392.092,268.587,660.679,Actual
2025-05-06,403.915,276.686,680.601,Actual
2025-05-07,387.919,265.729,653.6479999999999,Actual
2025-05-08,396.915,271.892,668.807,Actual
2025-05-09,406.638,278.551,685.189,Actual
2025-05-10,369.916,253.396,623.312,Actual
2025-05-11,331.218,226.888,558.106,Actual
2025-05-12,357.303,244.757,602.06,Actual
2025-05-13,380.359,260.551,640.91,Actual
2025-05-14,389.748,266.981,656.729,Actual
2025-05-15,400.577,274.4,674.977,Actual
2025-05-16,407.754,279.316,687.0699999999999,Actual
2025-05-17,390.829,267.722,658.5509999999999,Actual
2025-05-18,377.176,258.37,635.546,Actual
2025-05-19,412.467,282.544,695.011,Actual
2025-05-20,424.893,291.056,715.949,Actual
2025-05-21,430.21,294.698,724.9079999999999,Actual
2025-05-22,431.189,295.369,726.558,Actual
2025-05-23,429.011,293.877,722.888,Actual
2025-05-24,387.183,265.225,652.408,Actual
2025-05-25,339.363,232.468,571.831,Actual
2025-05-26,358.822,245.797,604.619,Actual
2025-05-27,379.078,259.672,638.75,Actual
2025-05-28,388.412,266.067,654.479,Actual
2025-05-29,377.277,258.439,635.716,Actual
2025-05-30,339.204,232.359,571.563,Actual
2025-05-31,345.986,237.004,582.99,Actual
2025-06-01,331.549,253.484,585.033,Actual
2025-06-02,381.733,291.852,673.585,Actual
2025-06-03,379.183,289.901,669.0840000000001,Actual
2025-06-04,366.347,280.088,646.435,Actual
2025-06-05,370.616,283.351,653.967,Actual
2025-06-06,380.555,290.95,671.505,Actual
2025-06-07,367.848,281.235,649.0830000000001,Actual
2025-06-08,357.341,273.203,630.544,Actual
2025-06-09,397.124,303.619,700.743,Actual
2025-06-10,410.105,313.543,723.648,Actual
2025-06-11,416.21,318.21,734.42,Actual
2025-06-12,399.786,305.654,705.44,Actual
2025-06-13,381.911,291.988,673.899,Actual
2025-06-14,366.157,279.942,646.0989999999999,Actual
2025-06-15,361.56,276.428,637.988,Actual
2025-06-16,396.02,302.774,698.794,Actual
2025-06-17,398.73,304.846,703.576,Actual
2025-06-18,399.491,305.428,704.919,Actual
2025-06-19,403.703,308.648,712.351,Actual
2025-06-20,405.424,309.964,715.3879999999999,Actual
2025-06-21,383.073,292.876,675.949,Actual
2025-06-22,366.848,280.471,647.319,Actual
2025-06-23,402.955,308.077,711.0319999999999,Actual
2025-06-24,412.582,315.436,728.018,Actual
2025-06-25,414.376,316.808,731.184,Actual
2025-06-26,410.461,313.815,724.2760000000001,Actual
2025-06-27,394.96,301.963,696.923,Actual
2025-06-28,368.521,281.75,650.271,Actual
2025-06-29,357.48,273.309,630.789,Actual
2025-06-30,398.639,304.776,703.415,Actual
2025-07-01,415.573,346.861,762.434,Actual
2025-07-02,420.169,350.697,770.866,Actual
2025-07-03,420.337,350.837,771.174,Actual
2025-07-04,413.328,344.987,758.315,Actual
2025-07-05,376.677,314.396,691.0730000000001,Actual
2025-07-06,345.135,288.07,633.2049999999999,Actual
2025-07-07,335.243,279.812,615.0550000000001,Actual
2025-07-08,376.079,313.896,689.975,Actual
2025-07-09,368.824,307.841,676.665,Actual
2025-07-10,364.167,303.954,668.121,Actual
2025-07-11,367.249,306.527,673.7760000000001,Actual
2025-07-12,357.495,298.386,655.8810000000001,Actual
2025-07-13,353.799,295.301,649.0999999999999,Actual
2025-07-14,391.715,326.947,718.662,Actual
2025-07-15,404.016,337.214,741.23,Actual
2025-07-16,408.393,340.868,749.261,Actual
2025-07-17,412.521,344.314,756.835,Actual
2025-07-18,409.454,341.753,751.207,Actual
2025-07-19,372.151,310.618,682.769,Actual
2025-07-20,350.733,292.741,643.4739999999999,Actual
2025-07-21,374.968,312.969,687.937,Actual
2025-07-22,386.619,322.694,709.3130000000001,Actual
2025-07-23,399.402,333.363,732.765,Actual
2025-07-24,401.722,335.3,737.0219999999999,Actual
2025-07-25,393.849,328.728,722.577,Actual
2025-07-26,367.069,306.376,673.4449999999999,Actual
2025-07-27,356.725,297.743,654.4680000000001,Actual
2025-07-28,380.879,317.904,698.783,Actual
2025-07-29,378.206,315.673,693.879,Actual
2025-07-30,395.494,330.101,725.595,Actual
2025-07-31,396.34,330.807,727.1469999999999,Actual
2025-08-01,392.587,339.639,732.226,Actual
2025-08-02,361.947,313.131,675.078,Actual
2025-08-03,344.943,298.42,643.363,Actual
2025-08-04,377.663,326.727,704.39,Actual
2025-08-05,389.655,337.102,726.757,Actual
2025-08-06,397.384,343.789,741.173,Actual
2025-08-07,401.746,347.562,749.308,Actual
2025-08-08,403.215,348.833,752.048,Actual
2025-08-09,384.053,332.256,716.309,Actual
2025-08-10,367.044,317.541,684.585,Actual
2025-08-11,400.453,346.443,746.896,Actual
2025-08-12,410.861,355.448,766.309,Actual
2025-08-13,384.966,333.046,718.012,Actual
2025-08-14,399.527,345.642,745.169,Actual
2025-08-15,405.195,350.546,755.741,Actual
2025-08-16,382.8,331.172,713.972,Actual
2025-08-17,366.784,317.316,684.0999999999999,Actual
2025-08-18,401.555,347.398,748.953,Actual
2025-08-19,408.827,353.688,762.515,Actual
2025-08-20,398.128,344.432,742.56,Actual
2025-08-21,396.448,342.979,739.4269999999999,Actual
2025-08-22,405.613,350.908,756.521,Actual
2025-08-23,383.268,331.576,714.844,Actual
2025-08-24,369.76,319.891,689.6510000000001,Actual
2025-08-25,405.79,351.061,756.851,Actual
2025-08-26,409.541,354.306,763.847,Actual
2025-08-27,399.599,345.705,745.304,Actual
2025-08-28,406.667,351.82,758.487,Actual
2025-08-29,409.345,354.136,763.481,Actual
2025-08-30,383.656,331.912,715.568,Actual
2025-08-31,365.33,316.058,681.3879999999999,Actual
2025-09-01,391.289,361.647,752.9359999999999,Actual
2025-09-02,395.564,365.599,761.163,Actual
2025-09-03,396.277,366.258,762.535,Actual
2025-09-04,398.363,368.185,766.548,Actual
2025-09-05,400.797,370.434,771.231,Actual
2025-09-06,384.452,355.328,739.78,Actual
2025-09-07,362.409,334.954,697.363,Actual
2025-09-08,391.379,361.731,753.11,Actual
2025-09-09,403.983,373.38,777.363,Actual
2025-09-10,402.517,372.024,774.5409999999999,Actual
2025-09-11,403.805,373.214,777.019,Actual
2025-09-12,401.488,371.074,772.562,Actual
2025-09-13,375.452,347.009,722.461,Actual
2025-09-14,362.513,335.051,697.564,Actual
2025-09-15,396.901,366.833,763.734,Actual
2025-09-16,404.805,374.14,778.9449999999999,Actual
2025-09-17,407.972,377.066,785.038,Actual
2025-09-18,402.209,371.739,773.948,Actual
2025-09-19,396.334,366.31,762.644,Actual
2025-09-20,372.858,344.612,717.47,Actual
2025-09-21,359.046,331.847,690.893,Actual
2025-09-22,387.952,358.563,746.515,Actual
2025-09-23,379.46,350.715,730.175,Actual
2025-09-24,385.843,356.613,742.456,Actual
2025-09-25,393.721,363.894,757.615,Actual
2025-09-26,389.056,359.584,748.64,Actual
2025-09-27,368.103,340.217,708.3199999999999,Actual
2025-09-28,353.98,327.165,681.145,Actual
2025-09-29,357.19,330.132,687.322,Actual
2025-09-30,394.174,364.313,758.487,Actual
2025-10-01,417.158,376.585,793.7429999999999,Actual
2025-10-02,415.182,374.801,789.983,Actual
2025-10-03,413.046,372.873,785.919,Actual
2025-10-04,387.394,349.717,737.111,Actual
2025-10-05,369.318,333.399,702.717,Actual
2025-10-06,370.76,334.7,705.46,Actual
2025-10-07,407.773,368.114,775.887,Actual
2025-10-08,413.072,372.897,785.969,Actual
2025-10-09,407.962,368.284,776.246,Actual
2025-10-10,382.716,345.493,728.2090000000001,Actual
2025-10-11,373.693,337.348,711.0409999999999,Actual
2025-10-12,365.478,329.931,695.409,Actual
2025-10-13,404.959,365.573,770.5319999999999,Actual
2025-10-14,414.793,374.45,789.2429999999999,Actual
2025-10-15,413.974,373.711,787.685,Actual
2025-10-16,414.867,374.517,789.384,Actual
2025-10-17,413.744,373.503,787.2470000000001,Actual
2025-10-18,389.614,351.72,741.3340000000001,Actual
2025-10-19,359.609,324.633,684.242,Actual
2025-10-20,376.454,339.84,716.294,Actual
2025-10-21,367.391,331.658,699.049,Actual
2025-10-22,364.349,328.912,693.261,Actual
2025-10-23,364.065,328.657,692.722,Actual
2025-10-24,336.766,304.013,640.779,Actual
2025-10-25,334.04,301.552,635.5920000000001,Actual
2025-10-26,323.62,292.145,615.765,Actual
2025-10-27,347.319,313.539,660.858,Actual
2025-10-28,353.639,319.244,672.883,Actual
2025-10-29,354.799,320.291,675.0899999999999,Actual
2025-10-30,365.606,330.048,695.654,Actual
2025-10-31,357.914,323.104,681.018,Actual
2025-11-01,349.418,316.876,666.294,Actual
2025-11-02,332.948,301.939,634.887,Actual
2025-11-03,361.491,327.825,689.316,Actual
2025-11-04,373.189,338.433,711.6220000000001,Actual
2025-11-05,378.135,342.918,721.053,Actual
2025-11-06,386.076,350.12,736.196,Actual
2025-11-07,392.352,355.812,748.164,Actual
2025-11-08,367.709,333.464,701.173,Actual
2025-11-09,351.991,319.209,671.2,Actual
2025-11-10,375.828,340.826,716.654,Actual
2025-11-11,375.925,340.915,716.84,Actual
2025-11-12,358.99,325.557,684.547,Actual
2025-11-13,372.029,337.382,709.4110000000001,Actual
2025-11-14,370.279,335.795,706.0740000000001,Actual
2025-11-15,347.99,315.581,663.571,Actual
2025-11-16,337.378,305.958,643.336,Actual
2025-11-17,370.068,335.602,705.67,Actual
2025-11-18,364.625,330.666,695.2909999999999,Actual
2025-11-19,356.314,323.13,679.444,Actual
2025-11-20,356.868,323.632,680.5,Actual
2025-11-21,358.961,325.53,684.491,Actual
2025-11-22,338.274,306.77,645.044,Actual
2025-11-23,329.066,298.42,627.486,Actual
2025-11-24,361.353,327.699,689.052,Actual
2025-11-25,357.442,324.152,681.594,Actual
2025-11-26,356.148,322.979,679.127,Actual
2025-11-27,356.678,323.459,680.137,Actual
2025-11-28,352.324,319.512,671.836,Actual
2025-11-29,336.108,304.805,640.913,Actual
2025-11-30,326.336,295.943,622.279,Actual
2025-12-01,359.488710080266,323.7993579310179,683.2880680112839,Predicted
2025-12-02,358.4756879893542,325.37335271811486,683.849040707469,Predicted
2025-12-03,358.2040570561886,325.5423118081093,683.7463688642979,Predicted
2025-12-04,360.32306209456925,329.35023084950444,689.6732929440736,Predicted
2025-12-05,361.5691316831112,329.45571730566024,691.0248489887715,Predicted
2025-12-06,346.40140284615757,319.2603803052902,665.6617831514477,Predicted
2025-12-07,333.91610952794554,317.4036895625591,651.3197990905046,Predicted
2025-12-08,364.4217638988495,343.5152284868955,707.936992385745,Predicted
2025-12-09,357.08548227250577,340.1644131183624,697.2498953908682,Predicted
2025-12-10,350.58735582852364,338.96383005690575,689.5511858854294,Predicted
2025-12-11,350.8614302479029,341.2104462556839,692.0718765035867,Predicted
2025-12-12,350.32374504768853,340.1035744180679,690.4273194657565,Predicted
2025-12-13,331.96001506537203,327.67907748436926,659.6390925497412,Predicted
2025-12-14,332.64534890532497,320.4634423630237,653.1087912683487,Predicted
2025-12-15,359.5104748425484,341.25488742852207,700.7653622710704,Predicted
2025-12-16,350.8615287755728,336.14216419053076,687.0036929661036,Predicted
2025-12-17,345.3964107603431,332.65341591978074,678.0498266801238,Predicted
2025-12-18,342.3270028916598,332.26831934189795,674.5953222335577,Predicted
2025-12-19,338.9335867804885,328.60318790376186,667.5367746842503,Predicted
2025-12-20,322.9405409165621,316.0528173518181,638.9933582683802,Predicted
2025-12-21,330.3142187200189,312.1347766476869,642.4489953677058,Predicted
2025-12-22,355.3492572317124,335.4987226308584,690.8479798625708,Predicted
2025-12-23,349.38899333775043,330.03908193993567,679.428075277686,Predicted
2025-12-24,344.5575461787582,327.1852536791563,671.7427998579144,Predicted
2025-12-25,340.2214123955369,327.9340784034729,668.1554907990098,Predicted
2025-12-26,337.51562581902743,325.2262397828102,662.7418656018376,Predicted
2025-12-27,322.5399323371053,312.73941933333873,635.279351670444,Predicted
2025-12-28,332.2937578416467,308.9729718338251,641.2667296754719,Predicted
2025-12-29,356.098757216692,333.4372177321911,689.535974948883,Predicted
2025-12-30,350.119546451807,329.2005356264114,679.3200820782184,Predicted
2025-12-31,344.9460654131174,327.1410320007801,672.0870974138975,Predicted
2026-01-01,340.53888825351004,328.83715608882903,669.3760443423391,Predicted
2026-01-02,347.54017580217123,312.0536024310589,659.5937782332301,Predicted
2026-01-03,331.4733474926353,295.8622125532031,627.3355600458384,Predicted
2026-01-04,342.5729870723486,277.2343179440498,619.8073050163985,Predicted
2026-01-05,380.41194753396513,284.3548667733073,664.7668143072724,Predicted
2026-01-06,386.16699799704554,276.29879381263254,662.4657918096781,Predicted
2026-01-07,397.0005094139576,271.6082358937263,668.6087453076839,Predicted
2026-01-08,403.90085536479955,271.653012763977,675.5538681287766,Predicted
2026-01-09,389.1930586173535,266.6693264467716,655.8623850641251,Predicted
2026-01-10,354.54524188697343,261.50280124270915,616.0480431296826,Predicted
2026-01-11,326.82339815437797,276.31854831421373,603.1419464685916,Predicted
2026-01-12,357.42482142043116,325.36130634558197,682.7861277660131,Predicted
2026-01-13,353.74701996922494,342.396258630991,696.1432786002159,Predicted
2026-01-14,356.516573653698,337.34452903056143,693.8611026842594,Predicted
2026-01-15,325.21539702320104,326.36191704070563,651.5773140639067,Predicted
2026-01-16,280.2235284764916,305.7678233194351,585.9913517959267,Predicted
2026-01-17,254.64989338363708,258.82312247037885,513.4730158540159,Predicted
2026-01-18,272.0387290201038,215.5249605873823,487.56368960748614,Predicted
2026-01-19,312.0010974753499,213.19870340535044,525.1998008807004,Predicted
2026-01-20,319.64746045804026,233.91902580943702,553.5664862674773,Predicted
2026-01-21,315.9970841837526,252.27291708922382,568.2700012729764,Predicted
2026-01-22,291.2356816433072,249.6346904916167,540.8703721349239,Predicted
2026-01-23,268.26416723906993,247.62607730257508,515.890244541645,Predicted
2026-01-24,270.05107676065717,259.234048381865,529.2851251425222,Predicted
2026-01-25,290.65415162998437,286.028234450221,576.6823860802053,Predicted
2026-01-26,323.8554048163295,325.3834752862453,649.2388801025747,Predicted
2026-01-27,337.0736848820448,308.91712986040113,645.990814742446,Predicted
2026-01-28,336.6754114083648,291.1842239201069,627.8596353284718,Predicted
2026-01-29,331.8546200168729,278.5040998625159,610.3587198793888,Predicted
2026-01-30,328.98771114176515,260.2460792447328,589.233790386498,Predicted
2026-01-31,330.6347292302251,236.5918292405307,567.2265584707558,Predicted
2026-02-01,338.71347596591716,227.2617587765753,565.9752347424925,Predicted
2026-02-02,359.57972994172576,253.11369708168505,612.6934270234108,Predicted
2026-02-03,374.9469625310898,258.95004191517825,633.897004446268,Predicted
2026-02-04,381.5078708063364,251.55963755631444,633.0675083626509,Predicted
2026-02-05,383.7657703009844,228.6013851239979,612.3671554249822,Predicted
2026-02-06,375.0581510065794,216.81333820578453,591.8714892123639,Predicted
2026-02-07,351.15302288699155,224.89753228047488,576.0505551674664,Predicted
2026-02-08,320.55647181421523,247.77049174714085,568.326963561356,Predicted
2026-02-09,349.34850831818585,283.1712299754619,632.5197382936478,Predicted
2026-02-10,356.33415952563286,283.6023558331728,639.9365153588057,Predicted
2026-02-11,354.8900887316466,274.32894721901414,629.2190359506608,Predicted
2026-02-12,355.3378181692362,260.87117364966866,616.2089918189049,Predicted
2026-02-13,353.23523769342904,258.4507436598539,611.685981353283,Predicted
2026-02-14,341.06767640513186,264.85322281235455,605.9208992174864,Predicted
2026-02-15,328.11577574777607,277.81966448420286,605.9354402319789,Predicted
2026-02-16,351.56750908875466,303.84846045207973,655.4159695408343,Predicted
2026-02-17,361.1792478405238,299.3326846821308,660.5119325226545,Predicted
2026-02-18,366.9496489145756,299.73395929300784,666.6836082075835,Predicted
2026-02-19,369.3977068121433,304.9486441643238,674.3463509764672,Predicted
2026-02-20,360.8616438965798,305.38134521758553,666.2429891141653,Predicted
2026-02-21,335.8744257894755,279.19965198975797,615.0740777792334,Predicted
2026-02-22,320.24538054925205,241.760284704715,562.005665253967,Predicted
2026-02-23,354.03397195506096,252.75464287614818,606.7886148312091,Predicted
2026-02-24,359.14409970200063,263.47841924953457,622.6225189515352,Predicted
2026-02-25,357.4702722345591,272.3235683454275,629.7938405799866,Predicted
2026-02-26,348.01031535828116,275.92379398000236,623.9341093382835,Predicted
2026-02-27,341.0161316546202,274.59609780216215,615.6122294567824,Predicted
2026-02-28,330.2636444670558,255.07972834509607,585.3433728121519,Predicted
2026-03-01,329.0447537362576,231.30922697252032,560.353980708778,Predicted
2026-03-02,364.78289736735826,248.3841466171741,613.1670439845324,Predicted
2026-03-03,376.74056023406985,255.656424221158,632.3969844552279,Predicted
2026-03-04,373.6943211469651,261.94209358555077,635.6364147325158,Predicted
2026-03-05,369.26236920475964,267.7904977030158,637.0528669077754,Predicted
2026-03-06,363.138312912345,269.35686182969806,632.495174742043,Predicted
2026-03-07,352.5196213741303,247.4553235225677,599.9749448966979,Predicted
2026-03-08,337.1459450751543,215.72749910220503,552.8734441773594,Predicted
2026-03-09,370.45626839208603,232.63921493077274,603.0954833228587,Predicted
2026-03-10,382.8276390919686,246.47599733453987,629.3036364265084,Predicted
2026-03-11,384.8513580207825,253.57342823237178,638.4247862531543,Predicted
2026-03-12,388.2187579007149,260.0076953475475,648.2264532482624,Predicted
2026-03-13,381.1360076745749,264.64819561767575,645.7842032922506,Predicted
2026-03-14,358.166764333129,247.66903365993497,605.8357979930639,Predicted
2026-03-15,327.7697071599961,220.48349219366904,548.2531993536651,Predicted
2026-03-16,358.91060882985596,238.6477370304167,597.5583458602727,Predicted
2026-03-17,368.3076754944325,250.12830125808713,618.4359767525197,Predicted
2026-03-18,364.5307946183682,255.24492375063895,619.7757183690071,Predicted
2026-03-19,365.27970343732835,257.8484185774922,623.1281220148205,Predicted
2026-03-20,362.1358037238121,259.1176453040838,621.2534490278958,Predicted
2026-03-21,340.1086326981783,244.8699240773916,584.9785567755699,Predicted
2026-03-22,327.08699415606264,232.30397910222408,559.3909732582867,Predicted
2026-03-23,360.88077797007566,255.84176792716977,616.7225458972455,Predicted
2026-03-24,370.95155713593965,262.1202520757913,633.071809211731,Predicted
2026-03-25,381.23233817744256,263.25144906437396,644.4837872418166,Predicted
2026-03-26,386.81236408770087,261.7008498046398,648.5132138923407,Predicted
2026-03-27,374.68567700326446,258.2169820578098,632.9026590610742,Predicted
2026-03-28,341.9984968610406,243.86466849210856,585.8631653531492,Predicted
2026-03-29,326.441416230917,238.1165023308694,564.5579185617864,Predicted
2026-03-30,360.20497668218616,263.8106047506332,624.0155814328193,Predicted
2026-03-31,363.2742318329811,268.0645365388393,631.3387683718204,Predicted
2026-04-01,362.9969848226309,267.60841413533683,630.6053989579677,Predicted
2026-04-02,335.99040763610606,265.1928517580032,601.1832593941092,Predicted
2026-04-03,328.37138115543127,259.86641192692514,588.2377930823563,Predicted
2026-04-04,323.05244864404204,245.94990138769145,569.0023500317335,Predicted
2026-04-05,321.60443674325944,241.18610655924675,562.7905433025062,Predicted
2026-04-06,365.76124757122994,266.95586355549096,632.717111126721,Predicted
2026-04-07,379.2857861196995,271.069996738553,650.3557828582525,Predicted
2026-04-08,376.6868133901358,272.2032660130858,648.8900794032215,Predicted
2026-04-09,378.9710887420178,274.2564494893551,653.2275382313728,Predicted
2026-04-10,381.61442848134044,274.482903216958,656.0973316982984,Predicted
2026-04-11,361.8285944490433,254.72745264500378,616.556047094047,Predicted
2026-04-12,327.0087188487053,231.51649430185554,558.5252131505608,Predicted
2026-04-13,367.6161688959599,250.5364641216397,618.1526330175996,Predicted
2026-04-14,379.9991067442894,259.89552722173926,639.8946339660287,Predicted
2026-04-15,387.383026499033,264.5834447513818,651.9664712504148,Predicted
2026-04-16,397.86988801491265,267.90950889146325,665.779396906376,Predicted
2026-04-17,401.51043615412715,269.4429359374046,670.9533720915317,Predicted
2026-04-18,373.26587357437614,251.46970938408373,624.7355829584599,Predicted
2026-04-19,346.723238553524,228.71401160588857,575.4372501594125,Predicted
2026-04-20,387.80025177001954,248.3961865339875,636.1964383040071,Predicted
2026-04-21,403.6159133434296,258.3195311616063,661.9354445050359,Predicted
2026-04-22,398.7922547967434,262.70643140375614,661.4986862004996,Predicted
2026-04-23,395.6008943046332,266.4331633170843,662.0340576217175,Predicted
2026-04-24,389.12663126230245,268.7980353851318,657.9246666474343,Predicted
2026-04-25,358.7855181001425,251.61564737844463,610.4011654785871,Predicted
2026-04-26,350.8419119164944,231.37090814420577,582.2128200607001,Predicted
2026-04-27,392.2673386793137,252.68480490291117,644.9521435822248,Predicted
2026-04-28,399.93020997309685,262.059607047081,661.9898170201778,Predicted
2026-04-29,398.57827240324025,265.302999243617,663.8812716468573,Predicted
2026-04-30,378.89356717133523,266.5367195131182,645.4302866844534,Predicted
2026-05-01,387.17500502955914,266.52990227335687,653.704907302916,Predicted
2026-05-02,355.352794375062,252.11034916150567,607.4631435365677,Predicted
2026-05-03,342.778836006701,238.84537888202067,581.6242148887217,Predicted
2026-05-04,382.68707951807977,262.90185894358154,645.5889384616613,Predicted
2026-05-05,393.5101962658167,271.2029393696189,664.7131356354356,Predicted
2026-05-06,387.45374966049195,273.70711295241114,661.1608626129031,Predicted
2026-05-07,386.1023835511208,275.5291687601804,661.6315523113012,Predicted
2026-05-08,401.51782572937014,277.02737340068813,678.5451991300583,Predicted
2026-05-09,374.6540594739914,261.4219110777378,636.0759705517291,Predicted
2026-05-10,337.3609275245071,245.44240436863896,582.803331893146,Predicted
2026-05-11,372.74591350197795,267.71931048440933,640.4652239863873,Predicted
2026-05-12,393.7145328004361,275.7177919716835,669.4323247721195,Predicted
2026-05-13,396.93180606973175,278.423668053627,675.3554741233588,Predicted
2026-05-14,399.62707974386217,279.2099230394363,678.8370027832984,Predicted
2026-05-15,406.0074459167719,278.44105330616236,684.4484992229343,Predicted
2026-05-16,388.75005850791933,262.19502867442367,650.9450871823431,Predicted
2026-05-17,371.28981247949605,250.51064769947527,621.8004601789713,Predicted
2026-05-18,407.7236501350403,275.3311331096887,683.054783244729,Predicted
2026-05-19,426.32196957302097,282.91715867996214,709.2391282529832,Predicted
2026-05-20,430.7214467952252,284.288753750205,715.0102005454302,Predicted
2026-05-21,427.7464826245308,282.82136871445175,710.5678513389826,Predicted
2026-05-22,424.37673778605466,280.05892761850356,704.4356654045582,Predicted
2026-05-23,388.85534517598154,266.0456264772415,654.900971653223,Predicted
2026-05-24,344.86782951682807,259.8015642248392,604.6693937416672,Predicted
2026-05-25,379.96771582865716,286.29415844666954,666.2618742753267,Predicted
2026-05-26,396.41013161587716,292.37753138571975,688.7876630015969,Predicted
2026-05-27,401.51042630136016,292.1135182822346,693.6239445835947,Predicted
2026-05-28,364.45103646957875,288.12635618972774,652.5773926593065,Predicted
2026-05-29,365.7467640037537,283.2100804952383,648.956844498992,Predicted
2026-05-30,372.5037423421145,271.58604758590457,644.0897899280191,Predicted
2026-05-31,348.84014495253564,269.44048276400565,618.2806277165413,Predicted
2026-06-01,404.120857798934,296.66328987091777,700.7841476698518,Predicted
2026-06-02,406.03001860594753,302.56170644712444,708.591725053072,Predicted
2026-06-03,389.8805157285929,300.92565928447243,690.8061750130653,Predicted
2026-06-04,395.7111566200257,295.62214371323586,691.3333003332616,Predicted
2026-06-05,402.98439039039613,291.3736476408243,694.3580380312204,Predicted
2026-06-06,366.2884100162983,283.7061573465466,649.9945673628449,Predicted
2026-06-07,333.60167817497256,284.87774777185916,618.4794259468317,Predicted
2026-06-08,363.95908781373504,313.93096438753605,677.8900522012711,Predicted
2026-06-09,377.0986984614134,319.49131430220604,696.5900127636194,Predicted
2026-06-10,386.39601571297646,319.3871448128223,705.7831605257988,Predicted
2026-06-11,391.3894177293778,317.1738143036365,708.5632320330143,Predicted
2026-06-12,397.8428520222903,311.74277244997023,709.5856244722605,Predicted
2026-06-13,381.6072064031363,293.87060372924805,675.4778101323843,Predicted
2026-06-14,368.5056668471098,280.37476723790166,648.8804340850115,Predicted
2026-06-15,405.0143165624142,298.7359889871478,703.750305549562,Predicted
2026-06-16,417.074103358984,309.46475563168525,726.5388589906693,Predicted
2026-06-17,412.76630613362795,313.8094806585312,726.5757867921591,Predicted
2026-06-18,414.76542270326615,309.89461616837974,724.6600388716458,Predicted
2026-06-19,415.80077116417885,304.5401004133224,720.3408715775013,Predicted
2026-06-20,388.09002164721494,295.78779101914165,683.8778126663566,Predicted
2026-06-21,361.1148403027058,294.307255682826,655.4220959855318,Predicted
2026-06-22,380.281309696436,321.654780834198,701.9360905306339,Predicted
2026-06-23,400.5575553529263,336.7128110574484,737.2703664103747,Predicted
2026-06-24,413.0054229357243,338.2714670550823,751.2768899908067,Predicted
2026-06-25,397.28851564586165,334.2689984517097,731.5575140975714,Predicted
2026-06-26,391.64743213856224,320.1477835037708,711.795215642333,Predicted
2026-06-27,372.7825756479502,284.97052937209605,657.7531050200462,Predicted
2026-06-28,355.9382852007151,261.06908664149046,617.0073718422055,Predicted
2026-06-29,397.1939093772173,281.62859707355494,678.8225064507723,Predicted
2026-06-30,382.8326245920658,321.37961224746704,704.2122368395328,Predicted
2026-07-01,375.21497749876977,334.2740080900192,709.488985588789,Predicted
2026-07-02,384.13838224303726,338.4930273473263,722.6314095903635,Predicted
2026-07-03,390.7421993185282,341.58357392966747,732.3257732481957,Predicted
2026-07-04,364.01667723679543,328.54733301889894,692.5640102556944,Predicted
2026-07-05,348.75195283520225,304.42045010864734,653.1724029438496,Predicted
2026-07-06,388.95346888244154,308.6512962440252,697.6047651264668,Predicted
2026-07-07,401.9531800916195,322.09312418627735,724.0463042778969,Predicted
2026-07-08,407.7352172834874,320.2022181303501,727.9374354138374,Predicted
2026-07-09,406.1705781798363,315.8991583169699,722.0697364968062,Predicted
2026-07-10,399.3537147237063,304.7628356465101,704.1165503702164,Predicted
2026-07-11,380.63878778839114,287.5481561310291,668.1869439194202,Predicted
2026-07-12,369.86585118293766,291.26962017726896,661.1354713602066,Predicted
2026-07-13,406.910520980835,329.56153945922847,736.4720604400634,Predicted
2026-07-14,408.5656084854603,335.55428055262564,744.119889038086,Predicted
2026-07-15,401.1232618224621,335.4782709115743,736.6015327340365,Predicted
2026-07-16,406.43059270071984,340.64267863965034,747.0732713403702,Predicted
2026-07-17,411.373548550129,342.7120724275112,754.0856209776402,Predicted
2026-07-18,382.31213247025016,317.4962904026508,699.808422872901,Predicted
2026-07-19,362.7147523121834,294.9124471046328,657.6271994168162,Predicted
2026-07-20,397.33885343241695,317.49752990078923,714.8363833332062,Predicted
2026-07-21,398.1064726558924,330.8284873168468,728.9349599727392,Predicted
2026-07-22,394.9916484577656,331.6786281025409,726.6702765603065,Predicted
2026-07-23,386.70962928628927,335.5505233238935,722.2601526101828,Predicted
2026-07-24,376.2270143129826,337.36869924426077,713.5957135572434,Predicted
2026-07-25,350.97532823431493,320.6360424787998,671.6113707131148,Predicted
2026-07-26,346.9562564928532,307.0254103838205,653.9816668766737,Predicted
2026-07-27,392.8411244177819,330.791302372694,723.6324267904758,Predicted
2026-07-28,407.4096818621159,337.14117386722563,744.5508557293415,Predicted
2026-07-29,415.58146827650074,336.13028566670414,751.7117539432049,Predicted
2026-07-30,421.58645387983324,338.55825593686103,760.1447098166943,Predicted
2026-07-31,411.2400041463375,336.7408934371471,747.9808975834846,Predicted
2026-08-01,373.4700820230246,315.5240422813892,688.9941243044138,Predicted
2026-08-02,342.5254326924682,304.90761161136624,647.4330443038344,Predicted
2026-08-03,347.1945702944398,333.93466965174673,681.1292399461865,Predicted
2026-08-04,373.98143077707294,342.7874752309322,716.7689060080052,Predicted
2026-08-05,370.090267656684,343.7816560294628,713.8719236861468,Predicted
2026-08-06,366.4940766744614,348.52237488865853,715.01645156312,Predicted
2026-08-07,371.86079017937186,351.064094935894,722.9248851152659,Predicted
2026-08-08,357.69198905014997,334.06074985301495,691.752738903165,Predicted
2026-08-09,348.84116964030267,320.5623439853191,669.4035136256218,Predicted
2026-08-10,389.3568707213402,346.1398528835773,735.4967236049175,Predicted
2026-08-11,398.2918130557537,353.68631780493257,751.9781308606863,Predicted
2026-08-12,403.976327559948,353.82581299126144,757.8021405512095,Predicted
2026-08-13,407.84254347431664,356.80028573751446,764.6428292118311,Predicted
2026-08-14,400.0861792745591,356.25670124661923,756.3428805211784,Predicted
2026-08-15,367.8486744914055,336.9615628401041,704.8102373315096,Predicted
2026-08-16,347.434889134109,325.39896901297567,672.8338581470847,Predicted
2026-08-17,376.47670313405996,352.76169092798233,729.2383940620423,Predicted
2026-08-18,383.8723279759884,359.7489743402004,743.6213023161888,Predicted
2026-08-19,391.8572074005604,359.5778461284637,751.4350535290241,Predicted
2026-08-20,393.66407678067685,362.102264847517,755.7663416281939,Predicted
2026-08-21,386.0942451655865,360.97018988108636,747.0644350466729,Predicted
2026-08-22,363.5372810060978,340.29352750778196,703.8308085138798,Predicted
2026-08-23,354.5481681587696,327.557232235074,682.1054003938436,Predicted
2026-08-24,382.6294506839514,354.5485566089153,737.1780072928667,Predicted
2026-08-25,385.2220880843401,362.20767383503915,747.4297619193792,Predicted
2026-08-26,392.1364446698428,362.0536016341448,754.1900463039876,Predicted
2026-08-27,400.72521003603936,364.30859735679627,765.0338073928356,Predicted
2026-08-28,397.07984389376645,362.8918380731344,759.9716819669009,Predicted
2026-08-29,367.9292799781561,341.866618494153,709.7958984723091,Predicted
2026-08-30,347.66776913470034,328.7805523405075,676.4483214752079,Predicted
2026-08-31,372.07532432782654,355.5411363890171,727.6164607168437,Predicted
2026-09-01,385.8331763986349,363.50566079187394,749.3388371905089,Predicted
2026-09-02,391.58946831035615,364.9184433523416,756.5079116626978,Predicted
2026-09-03,396.515822247386,367.97152093887325,764.4873431862593,Predicted
2026-09-04,398.1746340979338,367.5997747888565,765.7744088867903,Predicted
2026-09-05,381.55318368172647,348.95085390138627,730.5040375831127,Predicted
2026-09-06,367.48546208906174,338.4163204885721,705.9017825776339,Predicted
2026-09-07,391.02192922616007,366.87549470996856,757.8974239361287,Predicted
2026-09-08,403.0984164627791,375.26822698533533,778.3666434481145,Predicted
2026-09-09,400.5656937384606,376.059078443408,776.6247721818686,Predicted
2026-09-10,402.65372167742254,378.41346642303466,781.0671881004572,Predicted
2026-09-11,400.0481377412081,377.30904775881766,777.3571855000257,Predicted
2026-09-12,378.57800275015836,357.15986931204793,735.7378720622063,Predicted
2026-09-13,366.2615316679478,344.01070495629307,710.2722366242408,Predicted
2026-09-14,399.95093034207827,370.00104420328137,769.9519745453597,Predicted
2026-09-15,411.8925134930611,378.8446051921844,790.7371186852455,Predicted
2026-09-16,411.0916017699242,379.0189096179008,790.110511387825,Predicted
2026-09-17,408.1123220872879,379.94937246525285,788.0616945525408,Predicted
2026-09-18,407.1903001523018,376.60948017406463,783.7997803263664,Predicted
2026-09-19,384.8623635615111,353.9101246875524,738.7724882490635,Predicted
2026-09-20,367.0020656349659,340.0364865813255,707.0385522162915,Predicted
2026-09-21,399.2449106178284,365.42627606880666,764.6711866866351,Predicted
2026-09-22,389.6480396914482,375.0341813316345,764.6822210230828,Predicted
2026-09-23,379.8514728837014,375.18825353252885,755.0397264162302,Predicted
2026-09-24,378.5014467506409,375.9421653637886,754.4436121144295,Predicted
2026-09-25,375.13987970876695,372.3823137987852,747.5221935075522,Predicted
2026-09-26,351.6724804682732,348.4766425719261,700.1491230401994,Predicted
2026-09-27,338.14449345135694,332.23653137922287,670.3810248305798,Predicted
2026-09-28,374.40737574684624,355.5103038728237,729.91767961967,Predicted
2026-09-29,392.60111101388935,365.92802749752997,758.5291385114193,Predicted
2026-09-30,402.42831992697717,366.3136405329704,768.7419604599476,Predicted
2026-10-01,411.2981748826504,367.50088607800006,778.7990609606504,Predicted
2026-10-02,409.3362820667029,366.0073037326336,775.3435857993366,Predicted
2026-10-03,381.82566195285324,343.6909919052124,725.5166538580656,Predicted
2026-10-04,358.9756173864603,327.9964019192457,686.972019305706,Predicted
2026-10-05,364.4226605006457,350.750682667017,715.1733431676627,Predicted
2026-10-06,384.5952846066952,360.42540462636947,745.0206892330647,Predicted
2026-10-07,381.81004531717304,361.2816654341221,743.0917107512951,Predicted
2026-10-08,378.02057260489465,363.32843838095664,741.3490109858512,Predicted
2026-10-09,369.5593118963242,362.1966732890606,731.7559851853848,Predicted
2026-10-10,350.6279393757582,344.5281954290867,695.1561348048449,Predicted
2026-10-11,338.33901170367005,328.9901824631691,667.3291941668392,Predicted
2026-10-12,374.76907082307343,347.053724531889,721.8227953549624,Predicted
2026-10-13,389.65489721727374,350.180113268733,739.8350104860067,Predicted
2026-10-14,396.06105793416504,348.0830244443416,744.1440823785067,Predicted
2026-10-15,403.5959910485745,347.97121138310433,751.5672024316789,Predicted
2026-10-16,403.59559693789487,344.1754678286314,747.7710647665263,Predicted
2026-10-17,378.14909209752085,327.0370820058584,705.1861741033792,Predicted
2026-10-18,353.8769287019968,315.9080542984009,669.7849830003977,Predicted
2026-10-19,366.66802727568154,336.2137581194639,702.8817853951455,Predicted
2026-10-20,370.90192874860765,335.70508615946767,706.6070149080754,Predicted
2026-10-21,366.1219376652241,333.1264652197361,699.2484028849601,Predicted
2026-10-22,362.45871830916406,333.83019028782843,696.2889085969925,Predicted
2026-10-23,352.96803065264226,330.52816724705696,683.4961978996992,Predicted
2026-10-24,333.6303152422309,313.34543063151835,646.9757458737492,Predicted
2026-10-25,323.9915010867715,303.3054053301811,627.2969064169527,Predicted
2026-10-26,353.51469172358514,325.7437302556038,679.2584219791889,Predicted
2026-10-27,367.1161409711838,326.52606016397476,693.6422011351585,Predicted
2026-10-28,374.2132072677613,325.0605860211849,699.2737932889462,Predicted
2026-10-29,380.40783893013,327.46133897805214,707.8691779081821,Predicted
2026-10-30,381.6368238207102,325.7579328384399,707.3947566591501,Predicted
2026-10-31,366.80867552447324,309.85301551210875,676.6616910365819,Predicted
2026-11-01,344.72309236973524,301.24156346106525,645.9646558308004,Predicted
2026-11-02,363.9428603065014,326.28433220410346,690.2271925106049,Predicted
2026-11-03,372.2946075099707,329.42806100344654,701.7226685134173,Predicted
2026-11-04,366.6205862026215,329.7323319735527,696.3529181761742,Predicted
2026-11-05,373.18819435942174,333.5805605273247,706.7687548867464,Predicted
2026-11-06,377.76977042114737,333.6397207405567,711.4094911617041,Predicted
2026-11-07,361.655875443697,320.88574970793724,682.5416251516342,Predicted
2026-11-08,344.7496505031586,314.3600760607719,659.1097265639305,Predicted
2026-11-09,373.17312947869306,337.8861638941765,711.0592933728695,Predicted
2026-11-10,372.65666713857655,336.8928868963718,709.5495540349484,Predicted
2026-11-11,367.67709840703014,335.3056449729204,702.9827433799505,Predicted
2026-11-12,374.1619137628079,336.988276607275,711.1501903700829,Predicted
2026-11-13,376.02026385045053,334.51701428234577,710.5372781327962,Predicted
2026-11-14,355.14229000830653,319.37619591259954,674.5184859209061,Predicted
2026-11-15,338.78741112941503,311.4252672549486,650.2126783843637,Predicted
2026-11-16,370.5600377340317,333.8232310222387,704.3832687562704,Predicted
2026-11-17,363.5419216593504,331.7548830609321,695.2968047202826,Predicted
2026-11-18,357.0146408778429,329.2999278833866,686.3145687612296,Predicted
2026-11-19,361.2589271671772,330.31161659312244,691.5705437602996,Predicted
2026-11-20,360.3857453981638,327.3724049866199,687.7581503847837,Predicted
2026-11-21,340.3329555706382,312.7641189160347,653.0970744866729,Predicted
2026-11-22,327.084998970747,306.51147055673596,633.5964695274829,Predicted
2026-11-23,358.51885296154023,330.37010541152955,688.8889583730697,Predicted
2026-11-24,357.65951433014874,328.2456056022644,685.9051199324131,Predicted
2026-11-25,357.14174157202245,326.2935767943859,683.4353183664084,Predicted
2026-11-26,360.52411765778066,328.16015769934654,688.6842753571273,Predicted
2026-11-27,359.87671204435827,326.0563936610222,685.9331057053805,Predicted
2026-11-28,342.22183938318494,311.8230816001892,654.0449209833741,Predicted
2026-11-29,328.79714877539874,305.73710700619216,634.5342557815909,Predicted
2026-11-30,361.60114332306387,330.08680261826515,691.687945941329,Predicted
2026-12-01,360.80807440245155,328.5120202333927,689.3200946358443,Predicted
2026-12-02,359.5686258733273,328.36268653059005,687.9313124039173,Predicted
2026-12-03,363.0252327055931,331.2465855326652,694.2718182382583,Predicted
2026-12-04,364.62051391458516,330.11988172483444,694.7403956394196,Predicted
2026-12-05,348.751135055542,318.19859521245957,666.9497302680015,Predicted
2026-12-06,335.1618589015603,315.0683330439329,650.2301919454933,Predicted
2026-12-07,365.34945117485523,340.64234294223786,705.9917941170931,Predicted
2026-12-08,357.58436727631096,337.60851631116867,695.1928835874796,Predicted
2026-12-09,350.8219699161053,336.20787050330637,687.0298404194116,Predicted
2026-12-10,351.60634869623186,338.28582457518576,689.8921732714176,Predicted
2026-12-11,350.72127463746074,337.11529934358595,687.8365739810467,Predicted
2026-12-12,331.7308594107032,325.0428844383955,656.7737438490988,Predicted
2026-12-13,331.31088521772625,318.6782035233974,649.9890887411236,Predicted
2026-12-14,359.0549912773371,340.18326381921764,699.2382550965547,Predicted
2026-12-15,350.87717496955395,335.1615145800113,686.0386895495653,Predicted
2026-12-16,345.8346963207722,331.9776441169977,677.8123404377699,Predicted
2026-12-17,343.0159477707148,332.01144626414776,675.0273940348625,Predicted
2026-12-18,339.4452064856291,328.71923591697214,668.1644424026013,Predicted
2026-12-19,323.5305492358804,316.23120179224014,639.7617510281206,Predicted
2026-12-20,329.37935862964395,312.1959768682718,641.5753354979158,Predicted
2026-12-21,355.2757063261271,335.6447122709751,690.9204185971022,Predicted
2026-12-22,349.5101528134346,330.41914305663107,679.9292958700657,Predicted
2026-12-23,344.85584855216746,327.68576560974117,672.5416141619087,Predicted
2026-12-24,340.6918869457245,328.5525234173536,669.244410363078,Predicted
2026-12-25,338.022550680697,325.9911392486095,664.0136899293066,Predicted
2026-12-26,323.04749762862923,313.59956648421286,636.6470641128421,Predicted
2026-12-27,331.9451669455171,309.71067980921265,641.6558467547297,Predicted
2026-12-28,356.19473301994805,333.9912475771904,690.1859805971385,Predicted
2026-12-29,350.2290303986073,329.6732492289543,679.9022796275616,Predicted
2026-12-30,345.1101533945799,327.540783061862,672.650936456442,Predicted
2026-12-31,340.80791805619003,329.1271986532211,669.9351167094112,Predicted
